CREATE SEQUENCE IF NOT EXISTS evaluation_has_user_id_seq;

INSERT INTO evaluation_has_user(evaluation_has_user_id,
                                evaluation_has_first_name,
                                evaluation_has_last_name,
                                evaluation_has_user_password,
                                evaluation_has_user_email,
                                phone_user,
                                date_birth_user,
                                social_security_number_user,
                                entry_date_user,
                                age_user)
VALUES (nextval('evaluation_has_user_id_seq'), 'Steve', 'JOBS',
        '$2a$10$fcEe3X.fC7QxmSj7hRZJdujuZ8UavlkhewM37rcjJWdRtQt.ROJPK', 'steve.jobs@gmail.com', '0677645532',
        '1953-02-20', '165021304702154', '2019-05-27 00:00:00', 69),
       (nextval('evaluation_has_user_id_seq'), 'Elon', 'MUSK',
        '$2a$10$PBcySTS3eGN69mRzF6BWx.hs7aayN0FIJqLY16ZsKen4S0ikAyL9G', 'elon.musk@free.fr', '0676647530', '1986-02-20',
        '186021304702154', '2017-04-20 00:00:00', 36),
       (nextval('evaluation_has_user_id_seq'), 'Jack', 'MA',
        '$2a$10$c/Iju8gfO4wokM2nY8B6V.aJP9plWIgSJ.4xzrj27UZQ5TP9cxeeq', 'jack.ma@free.fr', '0677445832', '1968-02-20',
        '168021304702154', '2015-01-20 00:00:00', 54),
       (nextval('evaluation_has_user_id_seq'), 'Jeff', 'BEZOS',
        '$2a$10$oRStZm22E3KTYZop3vBB9.sKDnzv13YYgAwHJrQ1J8/x8T.k7tQAK', 'jeff.bezos@gmail.com', '0777485833',
        '1968-08-27', '168081304702154', '2015-01-20 00:00:00', 54),
       (nextval('evaluation_has_user_id_seq'), 'Philip', 'KNIGHT',
        '$2a$10$P0.aPdbYOpdtquVx6JQ01Otl43eA.uy9gmgxgOvHq193Zy3LF0VkG', 'philip.knight@free.fr', '0677445831',
        '1960-08-31', '1600821304702154', '2007-09-17 00:00:00', 62),
       (nextval('evaluation_has_user_id_seq'), 'Mark', 'ZUCKERBERG',
        '$2a$10$d65Cvz.Uf3MYTy2tu5W4Eun3Tzckcgm23yEfcZD/xPH7oTPjNy2ma', 'mark.zuckerberg@free.fr', '0676847537',
        '1979-04-10', '179041304702154', '2008-04-20 00:00:00', 43),
       (nextval('evaluation_has_user_id_seq'), 'William', 'FOSTER',
        '$2a$10$dG0tU0KM0GTUm4xs56UnDeKuxwkRA6DSzpI5WYoNk/.l294zERTNe', 'william_zebulon.foster@gmail.com',
        '0670445831', '1956-08-31', '1560821304702154', '2010-09-17 00:00:00', 66),
       (nextval('evaluation_has_user_id_seq'), 'Antonio', 'GRAMSCI',
        '$2a$10$vhMKl55c6q/78r3s5w9OI.fgVh366UaUPRb13LqdTr4jPzA2d7NfS', 'antonio.gramsci@free.fr', '0777445832',
        '1970-02-20', '170021304702154', '2012-01-20 00:00:00', 52),
       (nextval('evaluation_has_user_id_seq'), 'Martin', 'HEIDEGGER',
        '$2a$10$Mm/u35cmpZzyR.Fg6ntmq.YlIFs5WPv.cEghq30FmtYwrwvPjp3ze', 'martin.heidegger@free.fr', '0676817537',
        '1966-04-10', '166041304702154', '2000-04-20 00:00:00', 56),
       (nextval('evaluation_has_user_id_seq'), 'Andrew', 'COHEN',
        '$2a$10$CZBukW/NfpkF/mON0f7dc.MtE95U72zWgjjyupFgDAo8d8mRN3QHi', 'andrew.cohen@gmail.com', '0676847037',
        '1975-04-10', '175041304702154', '2005-04-20 00:00:00', 47);

CREATE SEQUENCE IF NOT EXISTS customer_id_seq;

INSERT INTO customer(customer_id,
                     age_customer,
                     customer_first_name,
                     customer_last_name,
                     date_birth,
                     social_security_number,
                     mutual_name,
                     entry_date,
                     evaluation_has_user,
                     customer_list)
values (nextval('customer_id_seq'), 20, 'Bob', 'SERE', '1998-12-28', '102011304702159', 'AZUR',
        '2019-05-27 00:00:00', 1, 1),
       (nextval('customer_id_seq'), 30, 'Manuel', 'FRED', '1992-04-21', '192011304702159', 'MUTUELLE_DE_FRANCE',
        '2021-05-18 00:00:00', 1, 1),
       (nextval('customer_id_seq'), 25, 'Sacha', 'GABR', '1997-04-16', '197011304702159', 'MUTUELLE_DU_NORD',
        '2020-10-30 00:00:00', 1, 1),
       (nextval('customer_id_seq'), 40, 'Anne-Marie', 'GRED', '1974-12-16', '282011304702159', 'MUTUELLE_PACA',
        '2000-08-03 00:00:00', 4, 4),
       (nextval('customer_id_seq'), 40, 'Joël', 'COUT', '1977-05-13', '182011304702159', 'ALPES_MUTUELLE',
        '2019-10-21 00:00:00', 4, 4),
       (nextval('customer_id_seq'), 30, 'Pierre', 'SADR', '1980-05-29', '192011304702159', 'MUTUELLE_BUDGET',
        '2020-10-26 00:00:00', 4, 4),
       (nextval('customer_id_seq'), 50, 'Kévin', 'GRAB', '1967-06-25', '172011304702159', 'PYRENEES_MUTUELLE',
        '2015-09-19 00:00:00', 7, 7),
       (nextval('customer_id_seq'), 58, 'Geneviève', 'ALTRE', '1962-05-15', '264011304702159', 'MUTUELLE_POUR_TOUS',
        '2005-11-12 00:00:00', 7, 7),
       (nextval('customer_id_seq'), 35, 'Karine', 'MOIN', '1977-04-24', '287011304702159', 'MUTUELLE_MIDI',
        '2010-05-09 00:00:00', 7, 7),
       (nextval('customer_id_seq'), 50, 'Bernard', 'SANT', '1967-11-14', '172011304702159', 'MUTUELLE_GREASQUE',
        '2015-09-15 00:00:00', 10, 10),
       (nextval('customer_id_seq'), 20, 'Blandine', 'STRE', '1998-12-28', '202011304702159', 'MUTUELLE_DE_FRANCE',
        '2019-05-27 00:00:00', 1, 1),
       (nextval('customer_id_seq'), 30, 'Maëlle', 'MOLI', '1992-04-21', '292011304702159', 'MUTUELLE_DU_NORD',
        '2021-05-18 00:00:00', 1, 1),
       (nextval('customer_id_seq'), 25, 'Arthur', 'DRES', '1997-04-16', '197011304702159', 'MUTUELLE_PACA',
        '2020-10-30 00:00:00', 1, 1),
       (nextval('customer_id_seq'), 40, 'Jean-François', 'NOIL', '1974-12-16', '182011304702159', 'ALPES_MUTUELLE',
        '2000-08-03 00:00:00', 4, 4),
       (nextval('customer_id_seq'), 40, 'Françoise', 'CRIT', '1977-05-13', '282011304702159', 'MUTUELLE_BUDGET',
        '2019-10-21 00:00:00', 4, 4),
       (nextval('customer_id_seq'), 30, 'Samuel', 'JAST', '1980-05-29', '192011304702159', 'PYRENEES_MUTUELLE',
        '2020-10-26 00:00:00', 4, 4),
       (nextval('customer_id_seq'), 50, 'Gwenaëlle', 'HOIT', '1967-06-25', '272011304702159', 'MUTUELLE_POUR_TOUS',
        '2015-09-19 00:00:00', 7, 7),
       (nextval('customer_id_seq'), 58, 'Gaspard', 'VUTR', '1962-05-15', '164011304702159', 'MUTUELLE_MIDI',
        '2005-11-12 00:00:00', 7, 7),
       (nextval('customer_id_seq'), 35, 'Séverine', 'DRAT', '1977-04-24', '287011304702159', 'MUTUELLE_GREASQUE',
        '2010-05-09 00:00:00', 7, 7),
       (nextval('customer_id_seq'), 50, 'Steve', 'GROI', '1967-11-14', '172011304702159', 'AZUR',
        '2015-09-15 00:00:00', 10, 10),
       (nextval('customer_id_seq'), 20, 'Jonathan', 'MORT', '1998-12-28', '102011304702159', 'MUTUELLE_DU_NORD',
        '2019-05-27 00:00:00', 1, 1),
       (nextval('customer_id_seq'), 30, 'Albin', 'GRAT', '1992-04-21', '192011304702159', 'MUTUELLE_PACA',
        '2021-05-18 00:00:00', 1, 1),
       (nextval('customer_id_seq'), 25, 'Sophia', 'MELA', '1997-04-16', '297011304702159', 'ALPES_MUTUELLE',
        '2020-10-30 00:00:00', 1, 1),
       (nextval('customer_id_seq'), 40, 'Lionel', 'BAND', '1974-12-16', '182021304702159', 'MUTUELLE_BUDGET',
        '2000-08-03 00:00:00', 4, 4),
       (nextval('customer_id_seq'), 40, 'Frédéric', 'ASTE', '1977-05-13', '182011304702159', 'PYRENEES_MUTUELLE',
        '2019-10-21 00:00:00', 4, 4),
       (nextval('customer_id_seq'), 30, 'Gabriel', 'SONT', '1980-05-29', '192011304702159', 'MUTUELLE_POUR_TOUS',
        '2020-10-26 00:00:00', 4, 4),
       (nextval('customer_id_seq'), 50, 'Maxime', 'FRET', '1967-06-25', '172011304702159', 'MUTUELLE_MIDI',
        '2015-09-19 00:00:00', 7, 7),
       (nextval('customer_id_seq'), 58, 'Sylvia', 'ADRE', '1962-05-15', '264011304702159', 'MUTUELLE_GREASQUE',
        '2005-11-12 00:00:00', 7, 7),
       (nextval('customer_id_seq'), 35, 'Muriel', 'LONT', '1977-04-24', '287011304702159', 'AZUR',
        '2010-05-09 00:00:00', 7, 7),
       (nextval('customer_id_seq'), 50, 'Ange', 'NICR', '1967-11-14', '172011304702159', 'MUTUELLE_DE_FRANCE',
        '2015-09-15 00:00:00', 10, 10),
       (nextval('customer_id_seq'), 20, 'Baptiste', 'RETI', '1998-12-28', '102011304702159', 'ALPES_MUTUELLE',
        '2019-05-27 00:00:00', 1, 1),
       (nextval('customer_id_seq'), 30, 'Amanda', 'NOIT', '1992-04-21', '292011304702159', 'MUTUELLE_BUDGET',
        '2021-05-18 00:00:00', 1, 1),
       (nextval('customer_id_seq'), 25, 'Aïcha', 'POIL', '1997-04-16', '297011304702159', 'PYRENEES_MUTUELLE',
        '2020-10-30 00:00:00', 1, 1),
       (nextval('customer_id_seq'), 40, 'Jane', 'SART', '1974-12-16', '282021304702159', 'MUTUELLE_POUR_TOUS',
        '2000-08-03 00:00:00', 4, 4),
       (nextval('customer_id_seq'), 40, 'Marie', 'BRAD', '1977-05-13', '282011304702159', 'MUTUELLE_MIDI',
        '2019-10-21 00:00:00', 4, 4),
       (nextval('customer_id_seq'), 30, 'Marc', 'ERTI', '1980-05-29', '192011304702159', 'MUTUELLE_GREASQUE',
        '2020-10-26 00:00:00', 4, 4),
       (nextval('customer_id_seq'), 50, 'Rachel', 'BASS', '1967-06-25', '272011304702159', 'AZUR',
        '2015-09-19 00:00:00', 7, 7),
       (nextval('customer_id_seq'), 58, 'Emmanuel', 'HUTE', '1962-05-15', '164011304702159', 'MUTUELLE_DE_FRANCE',
        '2005-11-12 00:00:00', 7, 7),
       (nextval('customer_id_seq'), 35, 'Catherine', 'VROI', '1977-04-24', '287011304702159', 'MUTUELLE_DU_NORD',
        '2010-05-09 00:00:00', 7, 7),
       (nextval('customer_id_seq'), 50, 'Amal', 'GRUT', '1967-11-14', '172011304702159', 'MUTUELLE_PACA',
        '2015-09-15 00:00:00', 10, 10),
       (nextval('customer_id_seq'), 20, 'Martine', 'DRIS', '1998-12-28', '102011304702159', 'MUTUELLE_BUDGET',
        '2019-05-27 00:00:00', 1, 1),
       (nextval('customer_id_seq'), 30, 'Sonia', 'BONN', '1992-04-21', '292011304702159', 'PYRENEES_MUTUELLE',
        '2021-05-18 00:00:00', 1, 1),
       (nextval('customer_id_seq'), 25, 'Sandrine', 'ARTE', '1997-04-16', '297011304702159', 'MUTUELLE_POUR_TOUS',
        '2020-10-30 00:00:00', 1, 1),
       (nextval('customer_id_seq'), 40, 'Marielle', 'DRUS', '1974-12-16', '282021304702159', 'MUTUELLE_MIDI',
        '2000-08-03 00:00:00', 4, 4),
       (nextval('customer_id_seq'), 40, 'Louise', 'SERT', '1977-05-13', '282011304702159', 'MUTUELLE_GREASQUE',
        '2019-10-21 00:00:00', 4, 4),
       (nextval('customer_id_seq'), 30, 'Jacques', 'GRES', '1980-05-29', '192011304702159', 'AZUR',
        '2020-10-26 00:00:00', 4, 4),
       (nextval('customer_id_seq'), 50, 'Henri', 'SALT', '1967-06-25', '172011304702159', 'MUTUELLE_DE_FRANCE',
        '2015-09-19 00:00:00', 7, 7),
       (nextval('customer_id_seq'), 58, 'Bruno', 'DERT', '1962-05-15', '164011304702159', 'MUTUELLE_DU_NORD',
        '2005-11-12 00:00:00', 7, 7),
       (nextval('customer_id_seq'), 35, 'Malik', 'LOIT', '1977-04-24', '187011304702159', 'MUTUELLE_PACA',
        '2010-05-09 00:00:00', 7, 7),
       (nextval('customer_id_seq'), 50, 'Sandra', 'FRUT', '1967-11-14', '272011304702159', 'ALPES_MUTUELLE',
        '2015-09-15 00:00:00', 10, 10);

CREATE SEQUENCE IF NOT EXISTS juridic_protection_id_seq;

INSERT INTO juridic_protection(juridic_protection_id,
                               juridic_protection_name)
values (nextval('juridic_protection_id_seq'), 'TRUSTEESHIP'),
       (nextval('juridic_protection_id_seq'), 'TUTORSHIP'),
       (nextval('juridic_protection_id_seq'), 'FAMILY_GUARDIANSHIP'),
       (nextval('juridic_protection_id_seq'), 'NOT_CONCERNED');

INSERT INTO juridic_protection_list(customer_id,
                                    juridic_protection_id)
values (1, 1),
       (2, 2),
       (3, 3),
       (4, 4),
       (5, 1),
       (6, 2),
       (7, 3),
       (8, 4),
       (9, 1),
       (10, 2),
       (11, 3),
       (12, 4),
       (13, 1),
       (14, 2),
       (15, 3),
       (16, 4),
       (17, 1),
       (18, 2),
       (19, 3),
       (20, 4),
       (21, 1),
       (22, 2),
       (23, 3),
       (24, 4),
       (25, 1),
       (26, 2),
       (27, 3),
       (28, 4),
       (29, 1),
       (30, 2),
       (31, 3),
       (32, 4),
       (33, 1),
       (34, 2),
       (35, 3),
       (36, 4),
       (37, 1),
       (38, 2),
       (39, 3),
       (40, 4),
       (41, 1),
       (42, 2),
       (43, 3),
       (44, 4),
       (45, 1),
       (46, 2),
       (47, 3),
       (48, 4),
       (49, 1),
       (50, 2);

CREATE SEQUENCE IF NOT EXISTS establishment_id_seq;

INSERT INTO establishment(establishment_id,
                          establishment_name)
values (nextval('establishment_id_seq'), 'FOYER_HEB'),
       (nextval('establishment_id_seq'), 'FOYER_VIE'),
       (nextval('establishment_id_seq'), 'OTHER');

INSERT INTO establishment_list(customer_id,
                               establishment_id)
values (1, 1),
       (2, 2),
       (3, 3),
       (4, 1),
       (5, 2),
       (6, 3),
       (7, 1),
       (8, 2),
       (9, 3),
       (10, 1),
       (11, 2),
       (12, 3),
       (13, 1),
       (14, 2),
       (15, 3),
       (16, 1),
       (17, 2),
       (18, 3),
       (19, 1),
       (20, 2),
       (21, 3),
       (22, 1),
       (23, 2),
       (24, 1),
       (25, 2),
       (26, 3),
       (27, 1),
       (28, 2),
       (29, 3),
       (30, 1),
       (31, 2),
       (32, 3),
       (33, 1),
       (34, 2),
       (35, 3),
       (36, 1),
       (37, 2),
       (38, 3),
       (39, 1),
       (40, 2),
       (41, 3),
       (42, 1),
       (43, 2),
       (44, 3),
       (45, 1),
       (46, 2),
       (47, 3),
       (48, 1),
       (49, 2),
       (50, 3);

INSERT INTO user_establishments(user_establishment_id,
                                establishment_id)
values (1, 1),
       (2, 1),
       (3, 1),
       (4, 1),
       (5, 1),
       (6, 1),
       (7, 1),
       (8, 1),
       (9, 1),
       (10, 1);

CREATE SEQUENCE IF NOT EXISTS role_id_seq;

INSERT INTO role(role_id,
                 role_name)
values (nextval('role_id_seq'), 'ROLE_USER'),
       (nextval('role_id_seq'), 'ROLE_MODERATOR'),
       (nextval('role_id_seq'), 'ROLE_ADMIN');

INSERT INTO user_roles(user_roles_id,
                       role_id)
values (1, 1),
       (2, 2),
       (3, 3),
       (4, 1),
       (5, 2),
       (6, 3),
       (7, 1),
       (8, 2),
       (9, 3),
       (10, 1);

CREATE SEQUENCE IF NOT EXISTS person_themes_id_seq;

INSERT INTO person_themes(person_themes_id,
                          person_theme_name)
values (nextval('person_themes_id_seq'),
        'Bientraitance et éthique.'),
       (nextval('person_themes_id_seq'),
        'Droits de la personne accompagnée.'),
       (nextval('person_themes_id_seq'),
        'Expression et participation de la personne accompagnée.'),
       (nextval('person_themes_id_seq'),
        'Co-construction et personnalisation du projet d''accompagnement.'),
       (nextval('person_themes_id_seq'),
        'Accompagnement à l''autonomie.'),
       (nextval('person_themes_id_seq'),
        'Accompagnement à la santé.'),
       (nextval('person_themes_id_seq'),
        'Continuité et fluidité des parcours.');

INSERT INTO person_themes_list(customer_id,
                       person_themes_id)
values (1, 1),
       (2, 2),
       (3, 3),
       (4, 4),
       (5, 5),
       (6, 6),
       (7, 7),
       (8, 1),
       (9, 2),
       (10, 3),
       (11, 4),
       (12, 5),
       (13, 6),
       (14, 7),
       (15, 1),
       (16, 2),
       (17, 3),
       (18, 4),
       (19, 5),
       (20, 6),
       (21, 7),
       (22, 1),
       (23, 2),
       (24, 3),
       (25, 4),
       (26, 5),
       (27, 6),
       (28, 7),
       (29, 1),
       (30, 2),
       (31, 3),
       (32, 4),
       (33, 5),
       (34, 6),
       (35, 7),
       (36, 1),
       (37, 2),
       (38, 3),
       (39, 4),
       (40, 5),
       (41, 6),
       (42, 7),
       (43, 1),
       (44, 2),
       (45, 3),
       (46, 4),
       (47, 5),
       (48, 6),
       (49, 7),
       (50, 1);

CREATE SEQUENCE IF NOT EXISTS person_objectifs_id_seq;

INSERT INTO person_objectifs(person_objectifs_id,
                             person_objectif_name)
values (nextval('person_objectifs_id_seq'),
        '1.1 - La personne accompagnée s''exprime sur la bientraitance.'),
       (nextval('person_objectifs_id_seq'),
        '1.2 - La personne accompagnée est informée de ses droits de façon claire et adaptée. Sa compréhension est recherchée et favorisée.'),
       (nextval('person_objectifs_id_seq'),
        '1.3 - La personne accompagnée est associée à la révision des règles de vie collective ou des modalités de fonctionnement du service.'),
       (nextval('person_objectifs_id_seq'),
        '1.4 - La personne accompagnée bénéficie d''un cadre de vie ou d''accompagnement adapté et respectueux de ses droits fondamentaux.'),
       (nextval('person_objectifs_id_seq'),
        '1.5 - La personne est actrice des instances collectives ou de toutes autres formes de participation. Sa participation effective est favorisée.'),
       (nextval('person_objectifs_id_seq'),
        '1.6 - L''expression de la personne est recueillie tout au long de son accompagnement.'),
       (nextval('person_objectifs_id_seq'),
        '1.7 - La personne accompagnée exprime son choix de manière éclairée.'),
       (nextval('person_objectifs_id_seq'),
        '1.8 - La personne accompagnée participe à la vie sociale.'),
       (nextval('person_objectifs_id_seq'),
        '1.9 - La personne accompagnée exerce sa citoyenneté et/ou bénéficie d''une éducation à la citoyenneté'),
       (nextval('person_objectifs_id_seq'),
        '1.10 - La personne est actrice de la personnalisation de son projet d''accompagnement'),
       (nextval('person_objectifs_id_seq'),
        '1.11 - L''entourage est associé dans l''accompagnement de la personne'),
       (nextval('person_objectifs_id_seq'),
        '1.12 - La personne bénéficie d''un accompagnement favorisant son autonomie'),
       (nextval('person_objectifs_id_seq'),
        '1.13 - La personne est accompagnée pour accéder ou se maintenir dans son logement ou son hébergement'),
       (nextval('person_objectifs_id_seq'),
        '1.14 - La personne bénéficie d''un accompagnement en matière de prévention et d''éducation à la santé'),
       (nextval('person_objectifs_id_seq'),
        '1.15 - La personne est actrice de ses choix sur son accompagnement en santé, la stratégie thérapeutique et les soins qui lui sont associés'),
       (nextval('person_objectifs_id_seq'),
        '1.16 - La personne accompagnée bénéficie d''une prise en charge de ses douleurs'),
       (nextval('person_objectifs_id_seq'),
        '1.17 - La personne bénéficie d''un accompagnement favorisant la continuité et la fluidité de son parcours');

INSERT INTO person_objectifs_list(person_themes_id,
                                  person_objectifs_id)
values (1, 1),
       (2, 2),
       (3, 3),
       (4, 4),
       (5, 5),
       (6, 6),
       (7, 7),
       (1, 8),
       (2, 9),
       (3, 10),
       (4, 11),
       (5, 12),
       (6, 13),
       (7, 14),
       (1, 15),
       (2, 16),
       (3, 17),
       (4, 1),
       (5, 2),
       (6, 3),
       (7, 4),
       (1, 5),
       (2, 6),
       (3, 7),
       (4, 8),
       (5, 9),
       (6, 10),
       (7, 11),
       (1, 12),
       (2, 13),
       (3, 14),
       (4, 15),
       (5, 16),
       (6, 17),
       (7, 1),
       (1, 2),
       (2, 3),
       (3, 4),
       (4, 5),
       (5, 6),
       (6, 7),
       (7, 8),
       (1, 9),
       (2, 10),
       (3, 11),
       (4, 12),
       (5, 13),
       (6, 14),
       (7, 15);

CREATE SEQUENCE IF NOT EXISTS cotation_id_seq;

INSERT INTO cotation(cotation_id,
                     cotation_name)
values (nextval('cotation_id_seq'), 'PAS_DU_TOUT_SATISFAISANT'),
       (nextval('cotation_id_seq'), 'PLUTOT_PAS_SATISFAISANT'),
       (nextval('cotation_id_seq'), 'PLUTOT_SATISFAISANT'),
       (nextval('cotation_id_seq'), 'TOUT_A_FAIT_SATISFAISANT'),
       (nextval('cotation_id_seq'), 'OPTIMISE'),
       (nextval('cotation_id_seq'), 'NON_CONCERNE'),
       (nextval('cotation_id_seq'), 'REPONSE_INADAPTEE');

CREATE SEQUENCE IF NOT EXISTS person_criteria_id_seq;

INSERT INTO person_criteria(person_criteria_id,
                            person_criteria_name)
values (nextval('person_criteria_id_seq'),
        '1.1.1 - La personne accompagnée exprime sa perception de la bientraitance'),
       (nextval('person_criteria_id_seq'),
        '1.2.1 - La personne accompagnée et son entourage sont informés du rôle des professionnels et autres intervenants et peuvent les identifier'),
       (nextval('person_criteria_id_seq'),
        '1.2.2 - La personne accompagnée est informée de ses droits et devoirs dans le cadre de la vie collective ou du fonctionnement du service'),
       (nextval('person_criteria_id_seq'),
        '1.2.3 - La personne accompagnée est systématiquement informée de la possibilité de désigner une personne de confiance pour l''accompagner et l''assister dans ses démarches'),
       (nextval('person_criteria_id_seq'),
        '1.2.4 - La personne a accès aux informations relatives à son accompagnement'),
       (nextval('person_criteria_id_seq'),
        '1.2.5 - La personne peut s''adresser aux professionnels qui l''accompagnent pour être orientée, accompagnée et soutenue dans l''exercice de ses droits individuels'),
       (nextval('person_criteria_id_seq'),
        '1.2.6 - Les professionnels informent la personne accompagnée de ses droits et de leurs modalités d’exercice, ou l’orientent vers le bon interlocuteur'),
       (nextval('person_criteria_id_seq'),
        '1.2.7 - Les professionnels sont régulièrement sensibilisés et/ou formés à la connaissance des droits de la personne accompagnée'),
       (nextval('person_criteria_id_seq'),
        '1.3.1 - La personne accompagnée est associée à la révision des règles de vie collective ou des modalités de fonctionnement du service et des outils favorisant leur compréhension'),
       (nextval('person_criteria_id_seq'),
        '1.3.2 - Les professionnels coconstruisent les règles de vie collective ou les modalités de fonctionnement du service dans le respect des droits et libertés de la personne accompagnée'),
       (nextval('person_criteria_id_seq'),
        '1.4.1 - La personne est assurée que les choix qu''elle exprime sur son cadre de vie ou d’accompagnement sont pris en compte'),
       (nextval('person_criteria_id_seq'),
        '1.4.2 - La personne accompagnée bénéficie d’un espace de vie privé, adapté et respectueux de ses droits fondamentaux, qu''elle est encouragée à personnaliser'),
       (nextval('person_criteria_id_seq'),
        '1.5.1 - La personne accompagnée participe aux instances collectives ou à toutes autres formes de participation'),
       (nextval('person_criteria_id_seq'),
        '1.5.2 - La personne accompagnée est informée de la suite donnée aux demandes formulées dans le cadre des instances collectives ou à toutes autres formes de participation'),
       (nextval('person_criteria_id_seq'),
        '1.5.3 - Les professionnels facilitent l''accès à la traçabilité des échanges et réponses apportées dans le cadre des instances collectives ou à toutes autres formes de participation'),
       (nextval('person_criteria_id_seq'),
        '1.6.1 - La personne accompagnée est soutenue dans son expression. Le partage de son expérience est favorisé et l’expression de ses préférences prise en compte'),
       (nextval('person_criteria_id_seq'),
        '1.6.2 - Les professionnels facilitent l''expression de la personne accompagnée grâce à l''utilisation de moyens et outils adaptés'),
       (nextval('person_criteria_id_seq'),
        '1.6.3 - Les professionnels analysent le recueil de l''expression de la personne accompagnée et en tirent les enseignements'),
       (nextval('person_criteria_id_seq'),
        '1.7.1 - La personne accompagnée a la possibilité d''exprimer son consentement éclairé, grâce à une information claire et des moyens adaptés'),
       (nextval('person_criteria_id_seq'),
        '1.7.2 - Les professionnels recherchent l''adhésion de la personne accompagnée, grâce à une information claire et des moyens adaptés'),
       (nextval('person_criteria_id_seq'),
        '1.7.3 - Les professionnels réinterrogent le refus de la personne tout au long de son accompagnement et recherchent des alternatives avec elle'),
       (nextval('person_criteria_id_seq'),
        '1.7.4 - Les professionnels assurent la traçabilité du consentement ou du refus exprimé par la personne accompagnée'),
       (nextval('person_criteria_id_seq'),
        '1.8.1 - La personne accompagnée a la possibilité de maintenir ses liens sociaux et d’en créer de nouveaux, dans et hors l’établissement ou le service'),
       (nextval('person_criteria_id_seq'),
        '1.8.2 - La personne peut s’investir dans la vie sociale et culturelle et participer à des évènements sur le territoire grâce à un accompagnement adapté'),
       (nextval('person_criteria_id_seq'),
        '1.8.3 - Les professionnels informent la personne accompagnée sur l’offre d’activités sportives, socioculturelles et de loisirs, recueillent ses attentes et respectent ses choix de participation'),
       (nextval('person_criteria_id_seq'),
        '1.8.4 - Les professionnels identifient et mobilisent les ressources et moyens nécessaires à la mise en place d''activités sportives, socioculturelles et de loisirs'),
       (nextval('person_criteria_id_seq'),
        '1.8.5 - Les professionnels encouragent le recours à la pair-aidance et autres dispositifs facilitant l''entraide entre les personnes accompagnées'),
       (nextval('person_criteria_id_seq'),
        '1.9.1 - La personne est accompagnée selon ses besoins et ses souhaits dans sa participation à la vie citoyenne'),
       (nextval('person_criteria_id_seq'),
        '1.9.2 - Les professionnels utilisent des moyens et des outils adaptés permettant à la personne accompagnée d''exercer sa citoyenneté ou de bénéficier d’une éducation à la citoyenneté'),
       (nextval('person_criteria_id_seq'),
        '1.10.1 - La personne exprime ses attentes sur son projet d''accompagnement'),
       (nextval('person_criteria_id_seq'),
        '1.10.2 - La personne avec son entourage et les professionnels en équipe coconstruisent le projet d''accompagnement'),
       (nextval('person_criteria_id_seq'),
        '1.10.3 - Les professionnels évaluent les besoins de la personne pour construire son projet d''accompagnement en utilisant des outils d''évaluations validés'),
       (nextval('person_criteria_id_seq'),
        '1.10.4 - Les professionnels coconstruisent avec la personne et son entourage son projet d''accompagnement'),
       (nextval('person_criteria_id_seq'),
        '1.10.5 - Les professionnels mobilisent les ressources internes et/ou externes et les outils pour mettre en œuvre le projet d''accompagnement de la personne'),
       (nextval('person_criteria_id_seq'),
        '1.10.6 - Les professionnels assurent la traçabilité et réévaluent le projet d''accompagnement avec la personne, chaque fois que nécessaire, et au moins une fois par an'),
       (nextval('person_criteria_id_seq'),
        '1.11.1 - La personne définit avec les professionnels la place de son entourage dans son accompagnement'),
       (nextval('person_criteria_id_seq'),
        '1.11.2 - Les professionnels informent, orientent et/ou accompagnent l''entourage vers les dispositifs de prévention, de soutien et de répit existants'),
       (nextval('person_criteria_id_seq'),
        '1.12.1 - La personne accompagnée exprime régulièrement ses attentes sur les mesures d''aide et de soutien souhaitées pour favoriser ou préserver son autonomie'),
       (nextval('person_criteria_id_seq'),
        '1.12.2 - Les professionnels évaluent régulièrement les besoins de la personne accompagnée pour favoriser ou préserver son autonomie'),
       (nextval('person_criteria_id_seq'),
        '1.12.3 - Les professionnels repèrent de manière précoce les risques de perte d''autonomie et d''isolement social de la personne accompagnée et alertent les personnes-ressources'),
       (nextval('person_criteria_id_seq'),
        '1.13.1 - La personne accompagnée a la possibilité d''exprimer ses attentes en matière de logement ou d''hébergement'),
       (nextval('person_criteria_id_seq'),
        '1.13.2 - La personne est accompagnée dans ses démarches pour accéder ou se maintenir dans son logement ou hébergement'),
       (nextval('person_criteria_id_seq'),
        '1.13.3 - Les professionnels accompagnent la personne dans sa recherche de logement ou d''hébergement adapté à ses besoins et attentes'),
       (nextval('person_criteria_id_seq'),
        '1.14.1 - La personne accompagnée participe à la définition de ses besoins en matière de prévention et d’éducation à la santé'),
       (nextval('person_criteria_id_seq'),
        '1.14.2 - Les professionnels évaluent les besoins de la personne accompagnée en matière de prévention et d''éducation à la santé '),
       (nextval('person_criteria_id_seq'),
        '1.14.3 - Les professionnels orientent vers et/ou mettent en œuvre un programme de prévention et d''éducation à la santé adapté à la personne accompagnée'),
       (nextval('person_criteria_id_seq'),
        '1.14.4 - Les professionnels facilitent la compréhension des messages de prévention et d''éducation à la santé de la personne accompagnée'),
       (nextval('person_criteria_id_seq'),
        '1.14.5 - Les professionnels organisent l''accompagnement et/ou accompagnent la personne lors des dépistages et des soins de prévention'),
       (nextval('person_criteria_id_seq'),
        '1.14.6 - Les professionnels sont régulièrement sensibilisés et/ou formés à la prévention et à l''éducation à la santé'),
       (nextval('person_criteria_id_seq'),
        '1.15.1 - La personne accompagnée est informée des soins qui lui sont proposés, selon des modalités adaptées'),
       (nextval('person_criteria_id_seq'),
        '1.15.2 - La personne accompagnée bénéficie de temps d''échange et de soutien autour de son état de santé, des soins possibles et de la stratégie thérapeutique proposée'),
       (nextval('person_criteria_id_seq'),
        '1.15.3 - La personne bénéficie d''un accompagnement adapté, en cas de refus de soins'),
       (nextval('person_criteria_id_seq'),
        '1.15.4 - La personne accompagnée est associée à la gestion de son traitement médicamenteux pour favoriser sa compréhension et son adhésion et s‘assurer de sa continuité'),
       (nextval('person_criteria_id_seq'),
        '1.15.5 - Les professionnels identifient et/ou évaluent régulièrement les besoins en santé de la personne accompagnée'),
       (nextval('person_criteria_id_seq'),
        '1.15.6 - Les professionnels repèrent de manière précoce les risques en santé pour la personne accompagnée et alertent les personnes-ressources'),
       (nextval('person_criteria_id_seq'),
        '1.15.7 - Les professionnels tiennent compte du rapport bénéfice/risque pour proposer des modalités d''accompagnement adaptées à la santé de la personne'),
       (nextval('person_criteria_id_seq'),
        '1.15.8 - Les professionnels s''appuient sur des activités et des approches non médicamenteuses dans l’accompagnement de la personne'),
       (nextval('person_criteria_id_seq'),
        '1.15.9 - Les professionnels sont régulièrement sensibilisés et/ou formés aux activités et approches non médicamenteuses'),
       (nextval('person_criteria_id_seq'),
        '1.15.10 - Les professionnels mobilisent les expertises et partenariats du territoire, nécessaires à l''accompagnement à la santé de la personne'),
       (nextval('person_criteria_id_seq'),
        '1.16.1 - La personne s''exprime sur la manière dont sont prises en charge ses douleurs tout au long de son accompagnement'),
       (nextval('person_criteria_id_seq'),
        '1.16.2 - Les professionnels repèrent et/ou évaluent régulièrement et tracent les douleurs de la personne accompagnée selon des modalités adaptées'),
       (nextval('person_criteria_id_seq'),
        '1.16.3 - Les professionnels recueillent, auprès de l''entourage, des informations sur les manifestations habituelles des douleurs chez la personne accompagnée'),
       (nextval('person_criteria_id_seq'),
        '1.16.4 - Les professionnels coconstruisent avec la personne accompagnée, la stratégie de prise en charge de la douleur'),
       (nextval('person_criteria_id_seq'),
        '1.16.5 - Les professionnels alertent et/ou mobilisent tous les moyens nécessaires pour soulager la douleur de la personne accompagnée'),
       (nextval('person_criteria_id_seq'),
        '1.17.1 - La personne est accompagnée pour prévenir les situations de transition ou de rupture dans son parcours'),
       (nextval('person_criteria_id_seq'),
        '1.17.2 - Les professionnels accompagnent la personne et mobilisent les partenariats nécessaires en cas de situation de rupture concernant son parcours'),
       (nextval('person_criteria_id_seq'),
        '1.17.3 - Les professionnels apportent leur(s) expertise(s) en soutien d''autres intervenants dans l''accompagnement de la personne'),
       (nextval('person_criteria_id_seq'),
        '1.17.4 - Les professionnels participent aux réunions de coordinations (médico-psycho-sociales) nécessaires à l''accompagnement de la personne');

INSERT INTO person_criteria_list(person_objectifs_id,
                                 person_criteria_id)
values (1, 1),
       (2, 2),
       (3, 3),
       (4, 4),
       (5, 5),
       (6, 6),
       (7, 7),
       (8, 8),
       (9, 9),
       (10, 10),
       (11, 11),
       (12, 12),
       (13, 13),
       (14, 14),
       (15, 15),
       (16, 16),
       (17, 17),
       (1, 18),
       (2, 19),
       (3, 20),
       (4, 21),
       (5, 22),
       (6, 23),
       (7, 24),
       (8, 25),
       (9, 26),
       (10, 27),
       (11, 28),
       (12, 29),
       (13, 30),
       (14, 31),
       (15, 32),
       (16, 33),
       (17, 34),
       (1, 35),
       (2, 36),
       (3, 37),
       (4, 38),
       (5, 39),
       (6, 40),
       (7, 41),
       (8, 42),
       (9, 43),
       (10, 44),
       (11, 45),
       (12, 46),
       (13, 47),
       (14, 48),
       (15, 40),
       (16, 50),
       (17, 51),
       (1, 52),
       (2, 53),
       (3, 54),
       (4, 55),
       (5, 56),
       (6, 57),
       (7, 58),
       (8, 59),
       (9, 60),
       (10, 61),
       (11, 62),
       (12, 63),
       (13, 64),
       (14, 65),
       (15, 66),
       (16, 67),
       (17, 68);

INSERT INTO person_cotation_list(person_criteria_id,
                          ecotation_id)
values (1, 1),
       (2, 2),
       (3, 3),
       (4, 4),
       (5, 5),
       (6, 6),
       (7, 7),
       (8, 1),
       (9, 2),
       (10, 3),
       (11, 4),
       (12, 5),
       (13, 6),
       (14, 7),
       (15, 1),
       (16, 2),
       (17, 3),
       (18, 4),
       (19, 5),
       (20, 6),
       (21, 7),
       (22, 1),
       (23, 2),
       (24, 3),
       (25, 4),
       (26, 5),
       (27, 6),
       (28, 7),
       (29, 1),
       (30, 2),
       (31, 3),
       (32, 4),
       (33, 5),
       (34, 6),
       (35, 7),
       (36, 1),
       (37, 2),
       (38, 3),
       (39, 4),
       (40, 5),
       (41, 6),
       (42, 7),
       (43, 1),
       (44, 2),
       (45, 3),
       (46, 4),
       (47, 5),
       (48, 6),
       (49, 7),
       (50, 1),
       (50, 2),
       (50, 3),
       (51, 4),
       (52, 5),
       (53, 6),
       (54, 7),
       (55, 1),
       (56, 2),
       (57, 3),
       (58, 4),
       (59, 5),
       (60, 6),
       (61, 7),
       (62, 1),
       (63, 2),
       (64, 3),
       (65, 4),
       (66, 5),
       (67, 6),
       (68, 7);

CREATE SEQUENCE IF NOT EXISTS professionals_themes_id_seq;

INSERT INTO professionals_themes(professionals_themes_id,
                                 professionals_theme_name)
values (nextval('professionals_themes_id_seq'),
        'Bientraitance et éthique.'),
       (nextval('professionals_themes_id_seq'),
        'Droits de la personne accompagnée.'),
       (nextval('professionals_themes_id_seq'),
        'Expression et participation de la personne accompagnée.'),
       (nextval('professionals_themes_id_seq'),
        'Co-construction et personnalisation du projet d''accompagnement.'),
       (nextval('professionals_themes_id_seq'),
        'Accompagnement à l''autonomie.'),
       (nextval('professionals_themes_id_seq'),
        'Accompagnement à la santé.'),
       (nextval('professionals_themes_id_seq'),
        'Continuité et fluidité des parcours.');

INSERT INTO professionals_themes_list(customer_id,
                                      professionals_themes_id)
values (1, 1),
       (2, 2),
       (3, 3),
       (4, 4),
       (5, 5),
       (6, 6),
       (7, 7),
       (8, 1),
       (9, 2),
       (10, 3),
       (11, 4),
       (12, 5),
       (13, 6),
       (14, 7),
       (15, 1),
       (16, 2),
       (17, 3),
       (18, 4),
       (19, 5),
       (20, 6),
       (21, 7),
       (22, 1),
       (23, 2),
       (24, 3),
       (25, 4),
       (26, 5),
       (27, 6),
       (28, 7),
       (29, 1),
       (30, 2),
       (31, 3),
       (32, 4),
       (33, 5),
       (34, 6),
       (35, 7),
       (36, 1),
       (37, 2),
       (38, 3),
       (39, 4),
       (40, 5),
       (41, 6),
       (42, 7),
       (43, 1),
       (44, 2),
       (45, 3),
       (46, 4),
       (47, 5),
       (48, 6),
       (49, 7),
       (50, 1);

CREATE SEQUENCE IF NOT EXISTS professionals_objectifs_id_seq;

INSERT INTO professionals_objectifs(professionals_objectifs_id,
                                    professionals_objectifs_name)
values (nextval('professionals_objectifs_id_seq'),
        '2.1 - Les professionnels contribuent aux questionnements éthiques.'),
       (nextval('professionals_objectifs_id_seq'),
        '2.2 - Les professionnels favorisent l''exercice des droits fondamentaux et des libertés individuelles de la personne accompagnée.'),
       (nextval('professionals_objectifs_id_seq'),
        '2.3 - Les professionnels favorisent la participation sociale de la personne accompagnée.'),
       (nextval('professionals_objectifs_id_seq'),
        '2.4 - Les professionnels adaptent avec la personne son projet d''accompagnement au regard des risques auxquels elle est confrontée.'),
       (nextval('professionals_objectifs_id_seq'),
        '2.5 - Les professionnels adaptent le projet d''accompagnement pour favoriser l''autonomie de la personne.'),
       (nextval('professionals_objectifs_id_seq'),
        '2.6 - Les professionnels adaptent le projet d''accompagnement en santé mentale de la personne.'),
       (nextval('professionals_objectifs_id_seq'),
        '2.7 - Les professionnels adaptent le projet d''accompagnement de fin de vie et du deuil de la personne.'),
       (nextval('professionals_objectifs_id_seq'),
        '2.8 - Les professionnels favorisent la continuité de l''accompagnement dans l''ESSMS.'),
       (nextval('professionals_objectifs_id_seq'),
        '2.9 - Les professionnels facilitent la fluidité du parcours de la personne accompagnée, en coordination avec les partenaires.'),
       (nextval('professionals_objectifs_id_seq'),
        '2.10 - Les professionnels partagent entre eux les informations nécessaires à la continuité de l''accompagnement de la personne.');

INSERT INTO professionals_objectifs_list(professionals_themes_id,
                                         professionals_objectifs_id)
values (1, 1),
       (2, 2),
       (3, 3),
       (4, 4),
       (5, 5),
       (6, 6),
       (7, 7),
       (1, 8),
       (2, 9),
       (3, 10),
       (4, 1),
       (5, 2),
       (6, 3),
       (7, 4),
       (1, 5),
       (2, 6),
       (3, 7),
       (4, 8),
       (5, 9),
       (6, 10),
       (7, 1),
       (1, 2),
       (2, 3),
       (3, 4),
       (4, 5),
       (5, 6),
       (6, 7),
       (7, 8),
       (1, 9),
       (2, 10),
       (3, 1),
       (4, 2),
       (5, 3),
       (6, 4),
       (7, 5),
       (1, 6),
       (2, 7),
       (3, 8);

CREATE SEQUENCE IF NOT EXISTS professionals_criteria_id_seq;

INSERT INTO professionals_criteria(professionals_criteria_id,
                                   professionals_criteria_name)
values (nextval('professionals_criteria_id_seq'),
        '2.1.1 - Les professionnels identifient en équipe les questionnements éthiques propres à la personne accompagnée'),
       (nextval('professionals_criteria_id_seq'),
        '2.1.2 - Les professionnels associent la personne et son entourage, aux questionnements éthiques, liés à son accompagnement'),
       (nextval('professionals_criteria_id_seq'),
        '2.1.3 - Les professionnels sont régulièrement sensibilisés et/ou formés au questionnement éthique'),
       (nextval('professionals_criteria_id_seq'),
        '2.1.4 - L''ESSMS organise le questionnement éthique en associant l''ensemble des acteurs (personne accompagnée, professionnels, partenaires) et participe à des instances de réflexion éthique sur le territoire'),
       (nextval('professionals_criteria_id_seq'),
        '2.2.1 - Les professionnels soutiennent la liberté d''aller et venir de la personne accompagnée'),
       (nextval('professionals_criteria_id_seq'),
        '2.2.2 - Les professionnels respectent la dignité et l''intégrité de la personne accompagnée'),
       (nextval('professionals_criteria_id_seq'),
        '2.2.3 - Les professionnels respectent la vie privée et l''intimité de la personne accompagnée'),
       (nextval('professionals_criteria_id_seq'),
        '2.2.4 - Les professionnels respectent la liberté d''opinion, les croyances et la vie spirituelle de la personne accompagnée'),
       (nextval('professionals_criteria_id_seq'),
        '2.2.5 - Les professionnels respectent le droit à l''image de la personne accompagnée'),
       (nextval('professionals_criteria_id_seq'),
        '2.2.6 - L''ESSMS favorise l''exercice des droits et libertés de la personne accompagnée'),
       (nextval('professionals_criteria_id_seq'),
        '2.2.7 - L’ESSMS garantit la confidentialité et la protection des informations et données relatives à la personne accompagnée'),
       (nextval('professionals_criteria_id_seq'),
        '2.3.1 - Les professionnels favorisent la préservation et le développement des relations sociales et affectives de la personne accompagnée'),
       (nextval('professionals_criteria_id_seq'),
        '2.3.2 - Les professionnels soutiennent et/ou orientent la personne accompagnée pour accéder aux services et dispositifs de droit commun'),
       (nextval('professionals_criteria_id_seq'),
        '2.4.1 - Les professionnels adaptent le projet d''accompagnement aux risques de fugue ou de disparition auxquels la personne est confrontée'),
       (nextval('professionals_criteria_id_seq'),
        '2.4.2 - Les professionnels adaptent le projet d''accompagnement aux risques liés aux addictions et conduites à risques auxquels la personne est confrontée'),
       (nextval('professionals_criteria_id_seq'),
        '2.4.3 - Les professionnels adaptent le projet d''accompagnement aux risques liés aux chutes auxquels la personne est confrontée'),
       (nextval('professionals_criteria_id_seq'),
        '2.4.4 - Les professionnels adaptent le projet d''accompagnement aux risques de dénutrition, malnutrition et/ou des troubles de la déglutition auxquels la personne est confrontée'),
       (nextval('professionals_criteria_id_seq'),
        '2.4.5 - Les professionnels adaptent le projet d''accompagnement aux risques liés à la sexualité auxquels la personne est confrontée'),
       (nextval('professionals_criteria_id_seq'),
        '2.4.6 - Les professionnels adaptent le projet d''accompagnement aux risques de harcèlement ou d''abus de faiblesse auxquels la personne est confrontée'),
       (nextval('professionals_criteria_id_seq'),
        '2.4.7 - Les professionnels adaptent le projet d''accompagnement aux risques de radicalisation et/ou de prosélytisme auxquels la personne est confrontée'),
       (nextval('professionals_criteria_id_seq'),
        '2.5.1 - Les professionnels soutiennent et accompagnent la personne dans le suivi de son parcours scolaire, en étroite collaboration avec les établissements scolaires'),
       (nextval('professionals_criteria_id_seq'),
        '2.5.2 - Les professionnels soutiennent et accompagnent la personne dans le suivi de son parcours professionnel en lien avec les partenaires'),
       (nextval('professionals_criteria_id_seq'),
        '2.5.3 - Les professionnels soutiennent et accompagnent la personne dans le développement de ses compétences, la stimulation, le maintien et la valorisation de ses acquis/acquisitions (capacités, compétences)'),
       (nextval('professionals_criteria_id_seq'),
        '2.6.1 - Les professionnels repèrent et/ou évaluent régulièrement et tracent les besoins d''accompagnement en santé mentale de la personne, selon des modalités adaptées'),
       (nextval('professionals_criteria_id_seq'),
        '2.6.2 - Les professionnels coconstruisent le projet d''accompagnement en santé mentale avec la personne et le réévaluent régulièrement'),
       (nextval('professionals_criteria_id_seq'),
        '2.6.3 - Les professionnels alertent et/ou mobilisent tous les moyens nécessaires pour mettre en œuvre le projet d''accompagnement en santé mentale de la personne'),
       (nextval('professionals_criteria_id_seq'),
        '2.7.1 - Les professionnels recueillent et tracent les volontés de la personne sur son accompagnement de fin de vie et ses directives anticipées, selon des modalités adaptées'),
       (nextval('professionals_criteria_id_seq'),
        '2.7.2 - Les professionnels échangent en équipe pour adapter l''accompagnement à la fin de vie de la personne, dans le respect des volontés exprimées'),
       (nextval('professionals_criteria_id_seq'),
        '2.7.3 - Les professionnels échangent en équipe pour adapter l''accompagnement au deuil vécu par la personne'),
       (nextval('professionals_criteria_id_seq'),
        '2.7.4 - Les professionnels mettent en œuvre l''accompagnement de la fin de vie et/ou du deuil de la personne'),
       (nextval('professionals_criteria_id_seq'),
        '2.8.1 - Les professionnels anticipent les situations de crise ou de rupture dans l''accompagnement ou le parcours de la personne et l''alertent des risques engendrés, le cas échéant'),
       (nextval('professionals_criteria_id_seq'),
        '2.8.2 - Les professionnels accompagnent les interruptions et les ruptures d''accompagnement de la personne'),
       (nextval('professionals_criteria_id_seq'),
        '2.8.3 - Les professionnels sont régulièrement sensibilisés et/ou formés au repérage, à la prévention et à la gestion des risques de rupture de parcours de la personne accompagnée'),
       (nextval('professionals_criteria_id_seq'),
        '2.9.1 - Les professionnels se coordonnent avec les partenaires du territoire impliqués dans le parcours de la personne accompagnée et partagent les informations nécessaires'),
       (nextval('professionals_criteria_id_seq'),
        '2.9.2 - Les professionnels informent la personne accompagnée, et son entourage, des alternatives pour la continuité de son parcours'),
       (nextval('professionals_criteria_id_seq'),
        '2.9.3 - Les professionnels transmettent toute information nécessaire à la continuité de l''accompagnement de la personne aux professionnels qui prennent le relais et à l’entourage'),
       (nextval('professionals_criteria_id_seq'),
        '2.10.1 - Les professionnels partagent entre eux les informations nécessaires à l''accompagnement de la personne'),
       (nextval('professionals_criteria_id_seq'),
        '2.10.2 - Les professionnels respectent les règles de sécurisation des données, des dossiers et des accès');

INSERT INTO professionals_criteria_list(professionals_objectifs_id,
                                        professionals_criteria_id)
values (1, 1),
       (2, 2),
       (3, 3),
       (4, 4),
       (5, 5),
       (6, 6),
       (7, 7),
       (8, 8),
       (9, 9),
       (10, 10),
       (1, 11),
       (2, 12),
       (3, 13),
       (4, 14),
       (5, 15),
       (6, 16),
       (7, 17),
       (8, 18),
       (9, 19),
       (10, 20),
       (1, 21),
       (2, 22),
       (3, 23),
       (4, 24),
       (5, 25),
       (6, 26),
       (7, 27),
       (8, 28),
       (9, 29),
       (10, 30),
       (1, 31),
       (2, 32),
       (3, 33),
       (4, 34),
       (5, 35),
       (6, 36),
       (7, 37),
       (8, 38);

INSERT INTO professionals_cotation_list(professionals_criteria_id,
                                 ecotation_id)
values (1, 1),
       (2, 2),
       (3, 3),
       (4, 4),
       (5, 5),
       (6, 6),
       (7, 7),
       (8, 1),
       (9, 2),
       (10, 3),
       (11, 4),
       (12, 5),
       (13, 6),
       (14, 7),
       (15, 1),
       (16, 2),
       (17, 3),
       (18, 4),
       (19, 5),
       (20, 6),
       (21, 7),
       (22, 1),
       (23, 2),
       (24, 3),
       (25, 4),
       (26, 5),
       (27, 6),
       (28, 7),
       (29, 1),
       (30, 2),
       (31, 3),
       (32, 4),
       (33, 5),
       (34, 6),
       (35, 7),
       (36, 1),
       (37, 2),
       (38, 3);

CREATE SEQUENCE IF NOT EXISTS esms_themes_id_seq;

INSERT INTO esms_themes(esms_themes_id,
                        esms_theme_name)
values (nextval('esms_themes_id_seq'),
        'Bientraitance et éthique.'),
       (nextval('esms_themes_id_seq'),
        'Droits de la personne accompagnée.'),
       (nextval('esms_themes_id_seq'),
        'Expression et participation de la personne accompagnée.'),
       (nextval('esms_themes_id_seq'),
        'Co-construction et personnalisation du projet d''accompagnement.'),
       (nextval('esms_themes_id_seq'),
        'Accompagnement à l''autonomie.'),
       (nextval('esms_themes_id_seq'),
        'Accompagnement à la santé.'),
       (nextval('esms_themes_id_seq'),
        'Politique ressources humaines.'),
        (nextval('esms_themes_id_seq'),
        'Démarche qualité et gestion des risques.');

INSERT INTO esms_themes_list(customer_id,
                             esms_themes_id)
values (1, 1),
       (2, 2),
       (3, 3),
       (4, 4),
       (5, 5),
       (6, 6),
       (7, 7),
       (8, 8),
       (9, 1),
       (10, 2),
       (11, 3),
       (12, 4),
       (13, 5),
       (14, 6),
       (15, 7),
       (16, 8),
       (17, 1),
       (18, 2),
       (19, 3),
       (20, 4),
       (21, 5),
       (22, 6),
       (23, 7),
       (24, 8),
       (25, 1),
       (26, 2),
       (27, 3),
       (28, 4),
       (29, 5),
       (30, 6),
       (31, 7),
       (32, 8),
       (33, 1),
       (34, 2),
       (35, 3),
       (36, 4),
       (37, 5),
       (38, 6),
       (39, 7),
       (40, 8),
       (41, 1),
       (42, 2),
       (43, 3),
       (44, 4),
       (45, 5),
       (46, 6),
       (47, 7),
       (48, 8),
       (49, 1),
       (50, 2);

CREATE SEQUENCE IF NOT EXISTS esms_objectifs_id_seq;

INSERT INTO esms_objectifs(esms_objectifs_id,
                           esms_objectif_name)
values (nextval('esms_objectifs_id_seq'),
        '3.1 - L''ESSMS définit et déploie sa stratégie en matière de bientraitance.'),
       (nextval('esms_objectifs_id_seq'),
        '3.2 - L''ESSMS veille à ce que la personne accompagnée dispose d''un cadre de vie adapté et respectueux de ses droits fondamentaux.'),
       (nextval('esms_objectifs_id_seq'),
        '3.3 - L''ESSMS facilite la participation sociale de la personne accompagnée. '),
       (nextval('esms_objectifs_id_seq'),
        '3.4 - L''ESSMS coconstruit sa stratégie d''accompagnement et son inscription dans le territoire, dans une approche inclusive. '),
       (nextval('esms_objectifs_id_seq'),
        '3.5 - L’ESSMS définit et déploie sa stratégie de préservation de l''autonomie et de prévention du risque d''isolement de la personne accompagnée. '),
       (nextval('esms_objectifs_id_seq'),
        '3.6 - L’ESSMS définit et déploie sa stratégie de gestion du risque médicamenteux. '),
       (nextval('esms_objectifs_id_seq'),
        '3.7 - L’ESSMS définit et déploie sa stratégie de prévention et de maîtrise du risque infectieux.'),
       (nextval('esms_objectifs_id_seq'),
        '3.8 - L’ESSMS définit et déploie une politique ressources humaines au service de sa stratégie et de la qualité de l''accompagnement.'),
       (nextval('esms_objectifs_id_seq'),
        '3.9 - L’ESSMS met en œuvre une politique de qualité de vie au travail.'),
       (nextval('esms_objectifs_id_seq'),
        '3.10 - L''ESSMS définit et déploie sa démarche d''amélioration continue de la qualité et gestion des risques.'),
       (nextval('esms_objectifs_id_seq'),
        '3.11 - L''ESSMS définit et déploie son plan de prévention des risques de maltraitance et de violence. '),
       (nextval('esms_objectifs_id_seq'),
        '3.12 - L’ESSMS assure le recueil et le traitement des plaintes et des réclamations.'),
       (nextval('esms_objectifs_id_seq'),
        '3.13 - L''ESSMS assure le recueil et le traitement des évènements indésirables.'),
       (nextval('esms_objectifs_id_seq'),
        '3.14 - L’ESSMS est doté d’un plan de gestion de crise et de continuité de l’activité.'),
       (nextval('esms_objectifs_id_seq'),
        '3.15 - L’ESSMS s''inscrit dans une dynamique d’innovation et d’évolution sociétale.');

INSERT INTO esms_objectifs_list(esms_themes_id,
                                esms_objectifs_id)
values (1, 1),
       (2, 2),
       (3, 3),
       (4, 4),
       (5, 5),
       (6, 6),
       (7, 7),
       (8, 8),
       (1, 9),
       (2, 10),
       (3, 11),
       (4, 12),
       (5, 13),
       (6, 14),
       (7, 15);

CREATE SEQUENCE IF NOT EXISTS esms_criteria_id_seq;

INSERT INTO esms_criteria(esms_criteria_id,
                          esms_criteria_name)
values (nextval('esms_criteria_id_seq'),
        '3.1.1 - L''ESSMS définit sa stratégie en matière de bientraitance et en partage une définition commune avec l''ensemble des acteurs'),
       (nextval('esms_criteria_id_seq'),
        '3.1.2 - L''ESSMS définit l''organisation et les modalités de déploiement de sa démarche de bientraitance et met à disposition les outils adaptés'),
       (nextval('esms_criteria_id_seq'),
        '3.1.3 - L''ESSMS organise des actions de sensibilisation à la bientraitance pour tout nouvel intervenant (partenaire, bénévole...)'),
       (nextval('esms_criteria_id_seq'),
        '3.1.4 - Les professionnels sont régulièrement sensibilisés et/ou formés à la bientraitance'),
       (nextval('esms_criteria_id_seq'),
        '3.2.1 - L''ESSMS accompagne les personnes pour qu''elles puissent vivre dans des conditions matérielles et un cadre de vie respectueux de leurs droits fondamentaux'),
       (nextval('esms_criteria_id_seq'),
        '3.2.2 - L''ESSMS garantit un cadre de vie respectueux des droits fondamentaux des personnes accompagnées'),
       (nextval('esms_criteria_id_seq'),
        '3.3.1 - L''ESSMS met à disposition des personnes accompagnées des espaces de rencontre et de socialisation, ainsi que des espaces d''apaisement et de bien-être'),
       (nextval('esms_criteria_id_seq'),
        '3.4.1 - L''ESSMS met en œuvre une approche inclusive des accompagnements proposés'),
       (nextval('esms_criteria_id_seq'),
        '3.4.2 - L''ESSMS s''inscrit dans des partenariats pour enrichir son offre d''accompagnement au bénéfice des personnes'),
       (nextval('esms_criteria_id_seq'),
        '3.4.3 - L''ESSMS s''inscrit dans des projets communs avec les partenaires du territoire pour renforcer l''offre d''accompagnement'),
       (nextval('esms_criteria_id_seq'),
        '3.4.4 - L’ESSMS est force de proposition et d''innovation pour améliorer la qualité des accompagnements et les modalités d''intervention'),
       (nextval('esms_criteria_id_seq'),
        '3.4.5 - L’ESSMS développe des actions d''ouverture à et sur son environnement pour favoriser les interactions et partenariats'),
       (nextval('esms_criteria_id_seq'),
        '3.5.1 - L’ESSMS définit sa stratégie de préservation de l''autonomie et de prévention du risque d''isolement des personnes accompagnées et s''assure de sa mise en œuvre'),
       (nextval('esms_criteria_id_seq'),
        '3.5.2 - Les professionnels mettent en œuvre les actions de préservation de l''autonomie et de prévention du risque d''isolement des personnes accompagnées'),
       (nextval('esms_criteria_id_seq'),
        '3.5.3 - Les professionnels sont régulièrement sensibilisés et/ou formés à la préservation de l''autonomie et à la prévention du risque d''isolement des personnes accompagnées'),
       (nextval('esms_criteria_id_seq'),
        '3.6.1 - L’ESSMS définit sa stratégie de gestion du risque médicamenteux et s''assure de sa mise en œuvre'),
       (nextval('esms_criteria_id_seq'),
        '3.6.2 - Les professionnels respectent la sécurisation du circuit du médicament'),
       (nextval('esms_criteria_id_seq'),
        '3.6.3 - Les professionnels accompagnent les personnes dans la continuité de leur prise en charge médicamenteuse'),
       (nextval('esms_criteria_id_seq'),
        '3.6.4 - Les professionnels alertent en cas de risque lié à la prise en charge médicamenteuse, dont la iatrogénie'),
       (nextval('esms_criteria_id_seq'),
        '3.6.5 - Les professionnels sont régulièrement sensibilisés et/ou formés à la prévention et à la gestion du risque médicamenteux'),
       (nextval('esms_criteria_id_seq'),
        '3.7.1 - L''ESSMS définit sa stratégie de prévention et de maîtrise du risque infectieux et s''assure de sa mise en œuvre'),
       (nextval('esms_criteria_id_seq'),
        '3.7.2 - Les professionnels mettent en œuvre les actions de prévention et de gestion du risque infectieux'),
       (nextval('esms_criteria_id_seq'),
        '3.7.3 - Les professionnels sont régulièrement sensibilisés et/ou formés à la prévention et à la maîtrise du risque infectieux'),
       (nextval('esms_criteria_id_seq'),
        '3.8.1 - L''ESSMS définit et déploie sa politique ressources humaines et met en œuvre une démarche de prévention des risques professionnels'),
       (nextval('esms_criteria_id_seq'),
        '3.8.2 - L''ESSMS met en œuvre un processus d''accueil et d''intégration des nouveaux professionnels et intervenants'),
       (nextval('esms_criteria_id_seq'),
        '3.8.3 - L''ESSMS adapte sa gestion des emplois et des parcours professionnels aux évolutions du secteur et de sa stratégie'),
       (nextval('esms_criteria_id_seq'),
        '3.8.4 - L''ESSMS met au service des accompagnements une équipe de professionnels formés et qualifiés'),
       (nextval('esms_criteria_id_seq'),
        '3.8.5 - L’ESSMS définit des modalités de travail adaptées pour garantir la sécurité, la continuité et la qualité de l''accompagnement des personnes'),
       (nextval('esms_criteria_id_seq'),
        '3.8.6 - Les professionnels sont régulièrement sensibilisés et/ou formés aux RBPP, procédures et références spécifiques à leur cadre d’intervention'),
       (nextval('esms_criteria_id_seq'),
        '3.9.1 - L’ESSMS promeut une politique favorisant la qualité de vie au travail'),
       (nextval('esms_criteria_id_seq'),
        '3.9.2 - L’ESSMS favorise la qualité de l’environnement de travail des professionnels'),
       (nextval('esms_criteria_id_seq'),
        '3.9.3 - L''ESSMS organise des espaces de discussion et de partage pour les professionnels et des temps de soutien psychologique et/ou éthique'),
       (nextval('esms_criteria_id_seq'),
        '3.10.1 - L’ESSMS définit sa politique qualité et gestion des risques'),
       (nextval('esms_criteria_id_seq'),
        '3.10.2 - L''ESSMS met en œuvre sa démarche qualité et gestion des risques'),
       (nextval('esms_criteria_id_seq'),
        '3.11.1 - L''ESSMS définit, avec les professionnels, un plan de prévention et de gestion des risques de maltraitance et de violence au bénéfice des personnes accompagnées'),
       (nextval('esms_criteria_id_seq'),
        '3.11.2 - L’ESSMS traite les signalements de faits de maltraitance et de violence, et met en place des actions correctives'),
       (nextval('esms_criteria_id_seq'),
        '3.11.3 - Les professionnels sont régulièrement sensibilisés et/ou formés à la détection et au signalement de faits de maltraitance et de violence'),
       (nextval('esms_criteria_id_seq'),
        '3.12.1 - L’ESSMS organise le recueil et le traitement des plaintes et des réclamations'),
       (nextval('esms_criteria_id_seq'),
        '3.12.2 - L’ESSMS communique sur le traitement des plaintes et des réclamations aux parties prenantes'),
       (nextval('esms_criteria_id_seq'),
        '3.12.3 - Les professionnels analysent en équipe les plaintes et les réclamations et mettent en place des actions correctives'),
       (nextval('esms_criteria_id_seq'),
        '3.13.1 - L’ESSMS organise le recueil et le traitement des évènements indésirables'),
       (nextval('esms_criteria_id_seq'),
        '3.13.2 - L’ESSMS communique sur le traitement des évènements indésirables auprès des parties prenantes'),
       (nextval('esms_criteria_id_seq'),
        '3.13.3 - Les professionnels déclarent et analysent en équipe les évènements indésirables et mettent en place des actions correctives'),
       (nextval('esms_criteria_id_seq'),
        '3.13.4 - Les professionnels sont régulièrement sensibilisés et/ou formés à la gestion des évènements indésirables'),
       (nextval('esms_criteria_id_seq'),
        '3.14.1 - L''ESSMS définit, avec les professionnels, un plan de gestion de crise et de continuité de l''activité et le réactualise régulièrement'),
       (nextval('esms_criteria_id_seq'),
        '3.14.2 - L’ESSMS communique son plan de gestion de crise en interne et en externe'),
       (nextval('esms_criteria_id_seq'),
        '3.14.3 - Les professionnels participent aux exercices et aux retours d’expérience partagés, organisés par l''ESSMS'),
       (nextval('esms_criteria_id_seq'),
        '3.14.4 - Les professionnels sont régulièrement sensibilisés et/ou formés à la gestion de crise'),
       (nextval('esms_criteria_id_seq'),
        '3.15.1 - L’ESSMS définit et met en œuvre sa stratégie d''optimisation des achats et de développement durable'),
       (nextval('esms_criteria_id_seq'),
        '3.15.2 - L''ESSMS définit et déploie sa stratégie numérique'),
       (nextval('esms_criteria_id_seq'),
        '3.15.3 - Les professionnels sont régulièrement sensibilisés et/ou formés aux outils numériques');

INSERT INTO esms_criteria_list(esms_objectifs_id,
                               esms_criteria_id)
values (1, 1),
       (2, 2),
       (3, 3),
       (4, 4),
       (5, 5),
       (6, 6),
       (7, 7),
       (8, 8),
       (9, 9),
       (10, 10),
       (11, 11),
       (12, 12),
       (13, 13),
       (14, 14),
       (15, 15),
       (1, 16),
       (2, 17),
       (3, 18),
       (4, 19),
       (5, 20),
       (6, 21),
       (7, 22),
       (8, 23),
       (9, 24),
       (10, 25),
       (11, 26),
       (12, 27),
       (13, 28),
       (14, 29),
       (15, 30),
       (1, 31),
       (2, 32),
       (3, 33),
       (4, 34),
       (5, 35),
       (6, 36),
       (7, 37),
       (8, 38),
       (9, 39),
       (10, 40),
       (11, 41),
       (12, 42),
       (13, 43),
       (14, 44),
       (15, 45),
       (1, 46),
       (2, 47),
       (3, 48),
       (4, 49),
       (5, 50),
       (6, 51);

INSERT INTO esms_cotation_list(esms_criteria_id,
                               ecotation_id)
values (1, 1),
       (2, 2),
       (3, 3),
       (4, 4),
       (5, 5),
       (6, 6),
       (7, 7),
       (8, 1),
       (9, 2),
       (10, 3),
       (11, 4),
       (12, 5),
       (13, 6),
       (14, 7),
       (15, 1),
       (16, 2),
       (17, 3),
       (18, 4),
       (19, 5),
       (20, 6),
       (21, 7),
       (22, 1),
       (23, 2),
       (24, 3),
       (25, 4),
       (26, 5),
       (27, 6),
       (28, 7),
       (29, 1),
       (30, 2),
       (31, 3),
       (32, 4),
       (33, 5),
       (34, 6),
       (35, 7),
       (36, 1),
       (37, 2),
       (38, 3),
       (39, 4),
       (40, 5),
       (41, 6),
       (42, 7),
       (43, 1),
       (44, 2),
       (45, 3),
       (46, 4),
       (47, 5),
       (48, 6),
       (49, 7),
       (50, 1),
       (51, 2);